,model,duplicates_removed,accuracy,precision,recall
0,majority class baseline,False,0.4035546262415055,0.0269036417494337,0.06666666666666667
1,rule-based baseline,False,0.8439623627809723,0.8261088049183124,0.8503821555268561
2,decision_tree,False,0.9759539989545217,0.9288082183377728,0.9031720208472293
3,logistic_regression,False,0.9764767381076843,0.8426752283872624,0.7388811922181625
4,majority class baseline,True,0.5621890547263682,0.04015636105188344,0.07142857142857142
5,rule-based baseline,True,0.8420398009950248,0.7847902648454989,0.886855627550372
6,decision_tree,True,0.8868159203980099,0.7560331546288823,0.8075280845821144
7,logistic_regression,True,0.9079601990049752,0.684798422793775,0.6506236802550086
