,model,duplicates_removed,accuracy,precision,recall
0,majority class baseline,False,0.4035546262415055,0.0269036417494337,0.06666666666666667
1,rule-based baseline,False,0.8439623627809723,0.8261088049183124,0.8503821555268561
2,decision_tree,False,0.9756926293779404,0.9287308175243985,0.9029086421835917
3,logistic_regression,False,0.9764767381076843,0.8426752283872624,0.7388811922181625
4,majority class baseline,True,0.5522388059701493,0.04247990815154994,0.07692307692307693
5,rule-based baseline,True,0.8146766169154229,0.658606798822919,0.683532377561568
6,decision_tree,True,0.8718905472636815,0.6755375008959653,0.6861433836002612
7,logistic_regression,True,0.9092039800995025,0.8048598194565435,0.6886359619663467
