,model,duplicates_removed,accuracy,precision,recall
0,majority class baseline,False,0.4035546262415055,0.0269036417494337,0.06666666666666667
1,rule-based baseline,False,0.8439623627809723,0.8261088049183124,0.8503821555268561
2,decision_tree,False,0.9749085206481966,0.9243506174531736,0.9026227020984287
3,logistic_regression,False,0.9764767381076843,0.8426752283872624,0.7388811922181625
4,majority class baseline,True,0.5646766169154229,0.043436662839647915,0.07692307692307693
5,rule-based baseline,True,0.8097014925373134,0.6257180322593642,0.6794534303260304
6,decision_tree,True,0.8718905472636815,0.6835783599860721,0.6763921416181313
7,logistic_regression,True,0.8880597014925373,0.7227123991563775,0.6835396137247637
