,model,duplicates_removed,accuracy,precision,recall
0,majority class baseline,False,0.4035546262415055,0.0269036417494337,0.06666666666666667
1,rule-based baseline,False,0.8439623627809723,0.8261088049183124,0.8503821555268561
2,decision_tree,False,0.974385781495034,0.9228481776387144,0.9025363463125909
3,logistic_regression,False,0.9764767381076843,0.8426752283872624,0.7388811922181625
4,majority class baseline,True,0.585820895522388,0.045063145809414465,0.07692307692307693
5,rule-based baseline,True,0.7885572139303483,0.6994099351701101,0.7454286126005019
6,decision_tree,True,0.8818407960199005,0.7571803578291066,0.7536872017362354
7,logistic_regression,True,0.9104477611940298,0.7139084630674599,0.6402450714714356
