,model,duplicates_removed,accuracy,precision,recall
0,decision_tree,False,0.974385781495034,0.9281527296021863,0.9021822395712664
1,logistic_regression,False,0.9764767381076843,0.8426752283872624,0.7388811922181625
2,decision_tree,True,0.8843283582089553,0.7291621299000828,0.737106772674207
3,logistic_regression,True,0.8955223880597015,0.6801233521964322,0.6430440919338946
